{
  "lang":"en",
  "name":"affect_ner",
  "version":"0.0.0",
  "spacy_version":">=3.4.1,<3.5.0",
  "description":"",
  "author":"",
  "email":"",
  "url":"",
  "license":"",
  "spacy_git_version":"Unknown",
  "vectors":{
    "width":0,
    "vectors":0,
    "keys":0,
    "name":null,
    "mode":"default"
  },
  "labels":{
    "tok2vec":[

    ],
    "ner":[
      "ANGER",
      "ANTICIPATION",
      "DISGUST",
      "FEAR",
      "JOY",
      "NEGATIVE",
      "POSITIVE",
      "SADNESS",
      "SURPRISE",
      "TRUST"
    ]
  },
  "pipeline":[
    "tok2vec",
    "ner"
  ],
  "components":[
    "tok2vec",
    "ner"
  ],
  "disabled":[

  ],
  "performance":{
    "ents_f":0.7650481503,
    "ents_p":0.7651430434,
    "ents_r":0.7649532807,
    "ents_per_type":{
      "POSITIVE":{
        "p":0.9498526404,
        "r":0.8052839023,
        "f":0.8716142844
      },
      "ANTICIPATION":{
        "p":0.7100946493,
        "r":0.9903158989,
        "f":0.8271155712
      },
      "SADNESS":{
        "p":0.5694484516,
        "r":0.7979683973,
        "f":0.6646135283
      },
      "NEGATIVE":{
        "p":0.7647326483,
        "r":0.7164753237,
        "f":0.7398178812
      },
      "ANGER":{
        "p":0.8125638407,
        "r":0.1881838074,
        "f":0.3055942377
      },
      "DISGUST":{
        "p":0.4742778542,
        "r":0.1258853596,
        "f":0.1989613387
      },
      "TRUST":{
        "p":0.7762748064,
        "r":0.9143126671,
        "f":0.8396582842
      },
      "JOY":{
        "p":0.9787234043,
        "r":0.0189523249,
        "f":0.037184595
      },
      "FEAR":{
        "p":0.5977574768,
        "r":0.4535730681,
        "f":0.5157782089
      },
      "SURPRISE":{
        "p":0.8183579283,
        "r":0.6178963218,
        "f":0.7041376606
      }
    },
    "tok2vec_loss":1010.0720526211,
    "ner_loss":7838.4020090519
  }
}